


    

    

    

    

    

    

[{"categories":["invierno"],"description":"Esta fiestá dejó de celebrarse sobre los años sesenta del siglo XX.\nGeneralmente y desde tiempos ancestrales, todos los pueblos celebran algún acontecimiento relacionado con sus costumbres, festejos populares o fiestas patronales. LA PESQUERA , no podía ser menos.\nPor lo tanto, recordando uno de nuestros festejos populares y que dejó de celebrarse allá sobre los años sesenta, no he querido que quedara en el olvido y por lo cual voy a intentar narrar lo más fielmente que pueda, ésta fiesta que se celebraba en nuestro pueblo el día 28 de diciembre.","tags":["tradiciones perdidas","musica"],"title":"Los Inocentes 28 de diciembre","url":"http://elmanco.es/lapesquera/posts/inocentes/"},{"categories":["invierno"],"description":"De Navidad hasta San Antón ¿Y por qué este título? A continuación intentaré relatar, con mi mejor voluntad e intención, un período de tiempo entre diciembre y enero, del cual me queda un grato recuerdo y cierta nostalgia.\nDespués de finalizar las faenas del otoño (vendimia, recogida de almendros y de productos del huerto) llega diciembre y con él, el invierno. Tiempo de reposo y sosiego, de heladas y escarchas matinales, de mucho frío y algún día de nieve.","tags":["navidad","hogueras"],"title":"¡De Navidad hasta San Antón aguilandos son!","url":"http://elmanco.es/lapesquera/posts/aguilandos/"},{"categories":["verano"],"description":"Se celebra cada 16 de agosto después de la procesión.\nSe desconoce el origen o costumbre de hacer esta subasta de las andas, ya que no hay hechos escritos o relatos que se puedan contratar por lo cual debemos suponer, que debe ser desde tiempos remotos. Lo que conozco y he vivido, así lo describo a continuación: La subasta de andas se realiza todos los años el día 16 de agosto, festividad de nuestro patrón San Roque.","tags":["fiestas","musica","san roque"],"title":"Subasta de San Roque y la Virgen.","url":"http://elmanco.es/lapesquera/posts/fiestasagosto/"},{"categories":["primavera"],"description":"Noche de los Mayos del 30 de abril al 1 de mayo El día 30 de abril a las doce de la noche y al toque de campanas se reúnen en la puerta de la iglesia los vecinos del pueblo, familiares y amigos que desean cantarle el Mayo a la Virgen de la Cueva Santa. Y es así como se inicia el canto del Mayo.\nCantando los mayos a la Virgen en la Puerta de la Iglesia de La Pesquerasolitario, al cual se le llama el pintor, va cantando estrofa por estrofa y el personal asistente repite cantando lo mismo que él.","tags":["mayos","musica"],"title":"el 1º de mayo","url":"http://elmanco.es/lapesquera/posts/1mayo/"},{"categories":["primavera"],"description":"Mayo que se canta cada 30 de abril a las 12 de la noche en las puertas de la iglesia de La Pesquera. Gracias a Dios que he llegado\na la puerta de este Templo,\ndonde está la Virgen Pura\ny el Santísimo Sacramento.\nGracias a Dios que he llegado\na la puerta de los cielos\ny el coro celestial\ny de los ángeles bellos.\nCon el favor de Jesús","tags":["mayos","musica"],"title":"Letra de los Mayos","url":"http://elmanco.es/lapesquera/posts/mayos/"},{"categories":["primavera"],"description":"Gracias a Dios que llegué\ngracias a Dios que he llegado,\na la puerta de esta dama\ndonde yo me he enamorado.\nParece que me tardé\nparece que me he tardado,\nen cada pie una hora\nen cada pasito un año.\nDespierta si estas dormida\ndespierta si estas soñando,\nque no está bien que tu duermas\nvelando tu enamorado.\nDespierta si estas dormida\nde ese sueño tan profundo,\nque no está bien que tu duermas","tags":["mayos","musica"],"title":"Mayos a las mozas","url":"http://elmanco.es/lapesquera/posts/mayosmozas/"}]
