<?xml version="1.0" encoding="utf-8" standalone="yes"?>
<rss version="2.0" xmlns:atom="http://www.w3.org/2005/Atom">
  <channel>
    <title>tradiciones perdidas on La Pesquera Cuenca</title>
    <link>http://elmanco.es/lapesquera/tags/tradiciones-perdidas/</link>
    <description>Recent content in tradiciones perdidas on La Pesquera Cuenca</description>
    <generator>Hugo -- gohugo.io</generator>
    <language>es</language>
    <copyright>© La Pesquera News</copyright>
    <lastBuildDate>Mon, 28 Dec 2020 18:48:12 +0100</lastBuildDate><atom:link href="http://elmanco.es/lapesquera/tags/tradiciones-perdidas/index.xml" rel="self" type="application/rss+xml" />
    <item>
      <title>Los Inocentes 28 de diciembre</title>
      <link>http://elmanco.es/lapesquera/posts/inocentes/</link>
      <pubDate>Mon, 28 Dec 2020 18:48:12 +0100</pubDate>
      
      <guid>http://elmanco.es/lapesquera/posts/inocentes/</guid>
      <description>Esta fiestá dejó de celebrarse sobre los años sesenta del siglo XX.
Generalmente y desde tiempos ancestrales, todos los pueblos celebran algún acontecimiento relacionado con sus costumbres, festejos populares o fiestas patronales. LA PESQUERA , no podía ser menos.
Por lo tanto, recordando uno de nuestros festejos populares y que dejó de celebrarse allá sobre los años sesenta, no he querido que quedara en el olvido y por lo cual voy a intentar narrar lo más fielmente que pueda, ésta fiesta que se celebraba en nuestro pueblo el día 28 de diciembre.</description>
    </item>
    
  </channel>
</rss>
