<?xml version="1.0" encoding="utf-8" standalone="yes"?>
<rss version="2.0" xmlns:atom="http://www.w3.org/2005/Atom">
  <channel>
    <title>mayos on La Pesquera Cuenca</title>
    <link>http://elmanco.es/lapesquera/tags/mayos/</link>
    <description>Recent content in mayos on La Pesquera Cuenca</description>
    <generator>Hugo -- gohugo.io</generator>
    <language>es</language>
    <copyright>© La Pesquera News</copyright>
    <lastBuildDate>Fri, 01 May 2020 18:48:12 +0100</lastBuildDate><atom:link href="http://elmanco.es/lapesquera/tags/mayos/index.xml" rel="self" type="application/rss+xml" />
    <item>
      <title>el 1º de mayo</title>
      <link>http://elmanco.es/lapesquera/posts/1mayo/</link>
      <pubDate>Fri, 01 May 2020 18:48:12 +0100</pubDate>
      
      <guid>http://elmanco.es/lapesquera/posts/1mayo/</guid>
      <description>Noche de los Mayos del 30 de abril al 1 de mayo El día 30 de abril a las doce de la noche y al toque de campanas se reúnen en la puerta de la iglesia los vecinos del pueblo, familiares y amigos que desean cantarle el Mayo a la Virgen de la Cueva Santa. Y es así como se inicia el canto del Mayo.
Cantando los mayos a la Virgen en la Puerta de la Iglesia de La Pesquerasolitario, al cual se le llama el pintor, va cantando estrofa por estrofa y el personal asistente repite cantando lo mismo que él.</description>
    </item>
    
    <item>
      <title>Letra de los Mayos</title>
      <link>http://elmanco.es/lapesquera/posts/mayos/</link>
      <pubDate>Fri, 01 May 2020 18:48:12 +0100</pubDate>
      
      <guid>http://elmanco.es/lapesquera/posts/mayos/</guid>
      <description>Mayo que se canta cada 30 de abril a las 12 de la noche en las puertas de la iglesia de La Pesquera. Gracias a Dios que he llegado
a la puerta de este Templo,
donde está la Virgen Pura
y el Santísimo Sacramento.
Gracias a Dios que he llegado
a la puerta de los cielos
y el coro celestial
y de los ángeles bellos.
Con el favor de Jesús</description>
    </item>
    
    <item>
      <title>Mayos a las mozas</title>
      <link>http://elmanco.es/lapesquera/posts/mayosmozas/</link>
      <pubDate>Fri, 01 May 2020 18:48:12 +0100</pubDate>
      
      <guid>http://elmanco.es/lapesquera/posts/mayosmozas/</guid>
      <description>Gracias a Dios que llegué
gracias a Dios que he llegado,
a la puerta de esta dama
donde yo me he enamorado.
Parece que me tardé
parece que me he tardado,
en cada pie una hora
en cada pasito un año.
Despierta si estas dormida
despierta si estas soñando,
que no está bien que tu duermas
velando tu enamorado.
Despierta si estas dormida
de ese sueño tan profundo,
que no está bien que tu duermas</description>
    </item>
    
  </channel>
</rss>
