<?xml version="1.0" encoding="utf-8" standalone="yes"?>
<rss version="2.0" xmlns:atom="http://www.w3.org/2005/Atom">
  <channel>
    <title>hogueras on La Pesquera Cuenca</title>
    <link>http://elmanco.es/lapesquera/tags/hogueras/</link>
    <description>Recent content in hogueras on La Pesquera Cuenca</description>
    <generator>Hugo -- gohugo.io</generator>
    <language>es</language>
    <copyright>© La Pesquera News</copyright>
    <lastBuildDate>Thu, 24 Dec 2020 16:44:31 +0100</lastBuildDate><atom:link href="http://elmanco.es/lapesquera/tags/hogueras/index.xml" rel="self" type="application/rss+xml" />
    <item>
      <title>¡De Navidad hasta San Antón aguilandos son!</title>
      <link>http://elmanco.es/lapesquera/posts/aguilandos/</link>
      <pubDate>Thu, 24 Dec 2020 16:44:31 +0100</pubDate>
      
      <guid>http://elmanco.es/lapesquera/posts/aguilandos/</guid>
      <description>De Navidad hasta San Antón ¿Y por qué este título? A continuación intentaré relatar, con mi mejor voluntad e intención, un período de tiempo entre diciembre y enero, del cual me queda un grato recuerdo y cierta nostalgia.
Después de finalizar las faenas del otoño (vendimia, recogida de almendros y de productos del huerto) llega diciembre y con él, el invierno. Tiempo de reposo y sosiego, de heladas y escarchas matinales, de mucho frío y algún día de nieve.</description>
    </item>
    
  </channel>
</rss>
