<?xml version="1.0" encoding="utf-8" standalone="yes"?>
<rss version="2.0" xmlns:atom="http://www.w3.org/2005/Atom">
  <channel>
    <title>Tags on La Pesquera Cuenca</title>
    <link>http://elmanco.es/lapesquera/tags/</link>
    <description>Recent content in Tags on La Pesquera Cuenca</description>
    <generator>Hugo -- gohugo.io</generator>
    <language>es</language>
    <copyright>© La Pesquera News</copyright>
    <lastBuildDate>Mon, 28 Dec 2020 18:48:12 +0100</lastBuildDate><atom:link href="http://elmanco.es/lapesquera/tags/index.xml" rel="self" type="application/rss+xml" />
    <item>
      <title>musica</title>
      <link>http://elmanco.es/lapesquera/tags/musica/</link>
      <pubDate>Mon, 28 Dec 2020 18:48:12 +0100</pubDate>
      
      <guid>http://elmanco.es/lapesquera/tags/musica/</guid>
      <description></description>
    </item>
    
    <item>
      <title>tradiciones perdidas</title>
      <link>http://elmanco.es/lapesquera/tags/tradiciones-perdidas/</link>
      <pubDate>Mon, 28 Dec 2020 18:48:12 +0100</pubDate>
      
      <guid>http://elmanco.es/lapesquera/tags/tradiciones-perdidas/</guid>
      <description></description>
    </item>
    
    <item>
      <title>hogueras</title>
      <link>http://elmanco.es/lapesquera/tags/hogueras/</link>
      <pubDate>Thu, 24 Dec 2020 16:44:31 +0100</pubDate>
      
      <guid>http://elmanco.es/lapesquera/tags/hogueras/</guid>
      <description></description>
    </item>
    
    <item>
      <title>navidad</title>
      <link>http://elmanco.es/lapesquera/tags/navidad/</link>
      <pubDate>Thu, 24 Dec 2020 16:44:31 +0100</pubDate>
      
      <guid>http://elmanco.es/lapesquera/tags/navidad/</guid>
      <description></description>
    </item>
    
    <item>
      <title>fiestas</title>
      <link>http://elmanco.es/lapesquera/tags/fiestas/</link>
      <pubDate>Sun, 16 Aug 2020 18:48:12 +0100</pubDate>
      
      <guid>http://elmanco.es/lapesquera/tags/fiestas/</guid>
      <description></description>
    </item>
    
    <item>
      <title>san roque</title>
      <link>http://elmanco.es/lapesquera/tags/san-roque/</link>
      <pubDate>Sun, 16 Aug 2020 18:48:12 +0100</pubDate>
      
      <guid>http://elmanco.es/lapesquera/tags/san-roque/</guid>
      <description></description>
    </item>
    
    <item>
      <title>mayos</title>
      <link>http://elmanco.es/lapesquera/tags/mayos/</link>
      <pubDate>Fri, 01 May 2020 18:48:12 +0100</pubDate>
      
      <guid>http://elmanco.es/lapesquera/tags/mayos/</guid>
      <description></description>
    </item>
    
  </channel>
</rss>
