<?xml version="1.0" encoding="utf-8" ?>
<dwsync>
<file name="1mayo-choco.jpg" server="ftp.elmanco.es//Web/" local="132432611819292019" remote="130529592000000000" Dst="2" />
<file name="1mayo-barbacoa.jpg" server="ftp.elmanco.es//Web/" local="132432611821279616" remote="130529592000000000" Dst="2" />
<file name="1mayo-lugar-(3).jpg" server="ftp.elmanco.es//Web/" local="132432611823140484" remote="130529592000000000" Dst="2" />
<file name="4.jpg" server="ftp.elmanco.es//Web/" local="132432611827960475" remote="130529592000000000" Dst="2" />
<file name="_AGP0143_1c35476a.jpg" server="ftp.elmanco.es//Web/" local="132432611829475683" remote="130629780000000000" Dst="2" />
<file name="aguilandos.jpg" server="ftp.elmanco.es//Web/" local="132432611829525542" remote="130629780000000000" Dst="2" />
<file name="crescencio.jpg" server="ftp.elmanco.es//Web/" local="132432611834597013" remote="130529592000000000" Dst="2" />
<file name="alcalde.jpg" server="ftp.elmanco.es//Web/" local="132432611836539559" remote="130529592000000000" Dst="2" />
<file name="celebracion.jpg" server="ftp.elmanco.es//Web/" local="132432611841451282" remote="130529592000000000" Dst="2" />
<file name="cruz-del-beato-2.jpg" server="ftp.elmanco.es//Web/" local="132432611842346595" remote="130529592000000000" Dst="2" />
<file name="cruz-del-beato-3.jpg" server="ftp.elmanco.es//Web/" local="132432611846964985" remote="130529592000000000" Dst="2" />
<file name="cueva-santa-exterior.jpg" server="ftp.elmanco.es//Web/" local="132432611850715070" remote="130529592000000000" Dst="2" />
<file name="cruz-del-beato.jpg" server="ftp.elmanco.es//Web/" local="132432611854535249" remote="130529592000000000" Dst="2" />
<file name="cueva-santa-la-pesquera.jpg" server="ftp.elmanco.es//Web/" local="132432611857593868" remote="130529592000000000" Dst="2" />
<file name="DSC00035.jpg" server="ftp.elmanco.es//Web/" local="132432611859210040" remote="130629780000000000" Dst="2" />
<file name="cueva-santa.jpg" server="ftp.elmanco.es//Web/" local="132432611860406810" remote="130529592000000000" Dst="2" />
<file name="DSC03220.jpg" server="ftp.elmanco.es//Web/" local="132432611864150884" remote="130629780000000000" Dst="2" />
<file name="DSC05484.jpg" server="ftp.elmanco.es//Web/" local="132432611867539269" remote="130629780000000000" Dst="2" />
<file name="header.jpg" server="ftp.elmanco.es//Web/" local="132432611869180989" remote="130529592000000000" Dst="2" />
<file name="horca.jpg" server="ftp.elmanco.es//Web/" local="132432611869939152" remote="130529592000000000" Dst="2" />
<file name="inocentes.jpg" server="ftp.elmanco.es//Web/" local="132432611873570747" remote="130529592000000000" Dst="2" />
<file name="interior-cueva.jpg" server="ftp.elmanco.es//Web/" local="132432611879315399" remote="130529592000000000" Dst="2" />
<file name="la-pesquera - copia.jpg" server="ftp.elmanco.es//Web/" local="132432611880092848" remote="130529592000000000" Dst="2" />
<file name="jota manchega4.png" server="ftp.elmanco.es//Web/" local="132432611886010901" remote="130629780000000000" Dst="2" />
<file name="los90.jpg" server="ftp.elmanco.es//Web/" local="132432611888567925" remote="130529592000000000" Dst="2" />
<file name="la-pesquera.jpg" server="ftp.elmanco.es//Web/" local="132432611889395037" remote="130529592000000000" Dst="2" />
<file name="matanza.jpg" server="ftp.elmanco.es//Web/" local="132432611892397059" remote="130629780000000000" Dst="2" />
<file name="mayo-moza.jpg" server="ftp.elmanco.es//Web/" local="132432611902210821" remote="130529592000000000" Dst="2" />
<file name="mayo-noche.jpg" server="ftp.elmanco.es//Web/" local="132432611907746004" remote="130529592000000000" Dst="2" />
<file name="mayo-canto.jpg" server="ftp.elmanco.es//Web/" local="132432611911057149" remote="130529592000000000" Dst="2" />
<file name="mayosIglesia.jpg" server="ftp.elmanco.es//Web/" local="132432611914761594" remote="130529592000000000" Dst="2" />
<file name="mayos.jpg" server="ftp.elmanco.es//Web/" local="132432611918308547" remote="130529592000000000" Dst="2" />
<file name="pesquera.jpg" server="ftp.elmanco.es//Web/" local="132432611919910717" remote="130529592000000000" Dst="2" />
<file name="mayo-dia.jpg" server="ftp.elmanco.es//Web/" local="132432611922344912" remote="130529592000000000" Dst="2" />
<file name="pics01.jpg" server="ftp.elmanco.es//Web/" local="132432611924162331" remote="130529592000000000" Dst="2" />
<file name="pics02.jpg" server="ftp.elmanco.es//Web/" local="132432611927587992" remote="130529592000000000" Dst="2" />
<file name="pics03.jpg" server="ftp.elmanco.es//Web/" local="132432611928348992" remote="130529592000000000" Dst="2" />
<file name="picassent.jpg" server="ftp.elmanco.es//Web/" local="132432611929083201" remote="130529592000000000" Dst="2" />
<file name="pics05.jpg" server="ftp.elmanco.es//Web/" local="132432611932424354" remote="130529592000000000" Dst="2" />
<file name="pics07.jpg" server="ftp.elmanco.es//Web/" local="132432611933208960" remote="130529592000000000" Dst="2" />
<file name="pics08.jpg" server="ftp.elmanco.es//Web/" local="132432611934446318" remote="130529592000000000" Dst="2" />
<file name="pics12.jpg" server="ftp.elmanco.es//Web/" local="132432611938109796" remote="130529592000000000" Dst="2" />
<file name="rollo-mayo.jpg" server="ftp.elmanco.es//Web/" local="132432611941193575" remote="130529592000000000" Dst="2" />
<file name="SanRoqueAndas.jpg" server="ftp.elmanco.es//Web/" local="132432611942237127" remote="130529592000000000" Dst="2" />
<file name="sombrero.jpg" server="ftp.elmanco.es//Web/" local="132432611944631653" remote="130529592000000000" Dst="2" />
<file name="virgen-de-la-cueva.jpg" server="ftp.elmanco.es//Web/" local="132432611950430746" remote="130529592000000000" Dst="2" />
<file name="virgen-lapesquera.jpg" server="ftp.elmanco.es//Web/" local="132432611954686011" remote="130529592000000000" Dst="2" />
</dwsync>