<?xml version="1.0" encoding="utf-8" standalone="yes"?>
<rss version="2.0" xmlns:atom="http://www.w3.org/2005/Atom">
  <channel>
    <title>fiestas on La Pesquera Cuenca</title>
    <link>http://elmanco.es/lapesquera/tags/fiestas/</link>
    <description>Recent content in fiestas on La Pesquera Cuenca</description>
    <generator>Hugo -- gohugo.io</generator>
    <language>es</language>
    <copyright>© La Pesquera News</copyright>
    <lastBuildDate>Sun, 16 Aug 2020 18:48:12 +0100</lastBuildDate><atom:link href="http://elmanco.es/lapesquera/tags/fiestas/index.xml" rel="self" type="application/rss+xml" />
    <item>
      <title>Subasta de San Roque y la Virgen.</title>
      <link>http://elmanco.es/lapesquera/posts/fiestasagosto/</link>
      <pubDate>Sun, 16 Aug 2020 18:48:12 +0100</pubDate>
      
      <guid>http://elmanco.es/lapesquera/posts/fiestasagosto/</guid>
      <description>Se celebra cada 16 de agosto después de la procesión.
Se desconoce el origen o costumbre de hacer esta subasta de las andas, ya que no hay hechos escritos o relatos que se puedan contratar por lo cual debemos suponer, que debe ser desde tiempos remotos. Lo que conozco y he vivido, así lo describo a continuación: La subasta de andas se realiza todos los años el día 16 de agosto, festividad de nuestro patrón San Roque.</description>
    </item>
    
  </channel>
</rss>
