<?xml version="1.0" encoding="utf-8" ?>
<dwsync>
<file name="img01.png" server="ftp.elmanco.es//Web/" local="132432611753396274" remote="130529592000000000" Dst="2" />
<file name="img02.png" server="ftp.elmanco.es//Web/" local="132432611754753585" remote="130529592000000000" Dst="2" />
<file name="img03.png" server="ftp.elmanco.es//Web/" local="132432611755721396" remote="130529592000000000" Dst="2" />
<file name="img04.jpg" server="ftp.elmanco.es//Web/" local="132432611758330668" remote="130529592000000000" Dst="2" />
<file name="img05.jpg" server="ftp.elmanco.es//Web/" local="132432611759082872" remote="130529592000000000" Dst="2" />
<file name="img06.jpg" server="ftp.elmanco.es//Web/" local="132432611761007332" remote="130529592000000000" Dst="2" />
<file name="mobileUI-site-nav-opener-bg.svg" server="ftp.elmanco.es//Web/" local="132432611763846015" remote="130529592000000000" Dst="2" />
<file name="overlay.png" server="ftp.elmanco.es//Web/" local="132432611764898473" remote="130529592000000000" Dst="2" />
<file name="spacer.gif" server="ftp.elmanco.es//Web/" local="132432611768922342" remote="130529592000000000" Dst="2" />
<file name="toggle.svg" server="ftp.elmanco.es//Web/" local="132432611770912571" remote="130529592000000000" Dst="2" />
</dwsync>